Model,Accuracy
xgb,0.5881086673564062
lgbm,0.527317024330007
rf,0.8325601575276174
