,precision,recall,f1-score,support
Arrhythmia,0.8584923848081742,0.7436539746158984,0.7969574944071588,11976.0
Diabetes,0.9627323821876351,0.9267521225237223,0.9443996776792909,12014.0
Healthy,0.7067426871591472,0.9545492592282582,0.8121639425987252,11947.0
Hypertension,0.8610711890389959,0.7458710266412151,0.7993418126834475,12049.0
Hypotension,0.9639915892763273,0.9215242881072027,0.942279695127173,11940.0
accuracy,0.8582918933351134,0.8582918933351134,0.8582918933351134,0.8582918933351134
macro avg,0.8706060464940559,0.8584701342232594,0.8590285244991591,59926.0
weighted avg,0.8706760480633696,0.8582918933351134,0.8589826179576044,59926.0
